url,enrichment_status,needs_manual_review,notes
/zapier/,pending,false,""
/zapier/google-sheets/,needs_review,true,"Template-swapped sentiment detected in several phrases and structures.; Use of 'Workspace Builder' in the title/H1 suffix.; Product casing is inconsistent and not aligned with branding.; Missing required sections on Zapier and AI trust."
/zapier/gmail/,needs_review,true,"Uses 'Zapier' incorrectly in title/H1. Should use proper casing.; Missing required sections on trust for Zapier/AI.; Repetitive phrases in problem and summary sections."
/zapier/slack/,needs_review,true,"Missing required Zapier/AI trust sections.; Template-like content in several sections.; Use of 'Slack Zapier workflows' in the title seems generic."
/zapier/airtable/,needs_review,true,"The H1 title includes 'Airtable Zapier workflows' which could indicate a template-like usage.; Focusing on 'Zapier' rather than 'Airtable' alone may lead to redundancy.; The commercial explanation lacks depth to clarify unique value propositions effectively."
/zapier/hubspot/,needs_review,true,"Feels somewhat template-swapped.; Missing required Zapier/AI trust sections."
/zapier/mailchimp/,needs_review,true,"Content feels somewhat template-swapped.; Missing required sections related to Zapier/AI trust.; Product casing should be consistent with GetForked branding."
/zapier/google-calendar/,needs_review,true,"Feels template-swapped.; Missing required Zapier/AI trust sections."
/zapier/trello/,needs_review,true,"The title does not match standard phrasing and lacks unique branding.; The content feels somewhat template-like and lacks personalization.; Missing required sections about Zapier/AI trust.; Uses a suffix related to Builders in the H1 title, which is discouraged."
/zapier/facebook-lead-ads/,needs_review,true,"Title/H1 uses 'Zapier' which is considered a template swap.; Missing required sections for Zapier/AI trust."
/zapier/asana/,needs_review,true,"The H1 contains 'Zapier' as a suffix, which should be avoided.; The product casing for 'GetForked' is inconsistent.; Missing required sections about Zapier and AI trust."
/zapier/basecamp/,needs_review,true,"Content feels template-swapped.; Incorrect product casing in title and headings.; Fails to incorporate a Zapier/AI trust section."
/zapier/google-drive/,needs_review,true,"Template-like structure is evident.; Builder-related terminology is present when it should not be.; Missing required segments for Zapier/AI trust."
/zapier/salesforce/,needs_review,true,"Feels somewhat template-swapped.; Missing critical Zapier/AI trust sections.; Uses 'Zapier' in the title/H1 without proper context."
/zapier/kajabi/,needs_review,true,"Title/H1 suffix problem (contains 'workflows' which feels generic); Template-like phrasing noticed in sections; Missing required Zapier/AI trust sections"
/zapier/activecampaign/,needs_review,true,"Template feel: Some sections resemble standard templates.; Title/H1 issue: Uses 'Replace Zapier Workflows for ActiveCampaign' without varying phrasing.; Missing required Zapier/AI trust sections."
/zapier/pipedrive/,needs_review,true,"The title/H1 doesn't clearly differentiate from templates.; Missing required sections regarding Zapier/AI trust.; Use of 'Zapier' in H1 is misleading and not adequately specific."
/zapier/google-forms/,needs_review,true,"The title and H1 could be more unique and less template-like.; Missing Zapier/AI trust sections.; Some content feels repetitive and lacks depth."
/zapier/calendly/,needs_review,true,"The title/H1 feels template-swapped.; Commercial clarity could be improved to avoid sounding generic.; Missing required sections about Zapier/AI trust."
/zapier/typeform/,needs_review,true,"The title/H1 contains a generic phrasing that resembles a template.; Missing required sections regarding Zapier and AI trust.; Product casing for 'GetForked' is inconsistent."
/zapier/microsoft-outlook/,needs_review,true,"Title and H1 structure suggest a template swap: should not contain 'Zapier'.; Missing required sections for Zapier/AI trust.; Improper product casing in some elements."
/zapier/calendar-notion/,needs_review,true,"Title and H1 use the phrase 'Without Zapier,' which is a common template structure.; Missing required sections about Zapier and AI trust.; Product casing and specific terminology do not maintain a consistent standard."
/zapier/calendar-slack/,needs_review,true,"Template-like structure observed in several sections.; Uses 'Zapier' in the title/H1 which may dilute specificity.; Lacks required trust sections for Zapier/AI.; Product casing inconsistencies present."
/zapier/airtable-contacts/,needs_review,true,"Template-swapped language evident in certain sections.; Missing explicit mention of trust in Zapier and AI sections.; Incorrect product casing in headers."
/zapier/airtable-basecamp/,needs_review,true,"Template-swapped feel due to generic phrasing.; Missing required sections on Zapier/AI trust.; Incorrect product casing in title and headings."
/zapier/hubspot-kajabi/,needs_review,true,"Missing required Zapier/AI trust sections.; Content feels somewhat template-swapped.; Incorrect product casing in titles."
/zapier/sheets-outlook/,needs_review,true,"The title/H1 uses 'Without Zapier', which feels like a template phrase.; The mention of 'builders' and 'builder_matching_summary' lacks context and specificity.; It does not include a dedicated section addressing Zapier/AI trust.; The product casing for 'GetForked' should be consistent throughout the text."
/zapier/sheets-slack/,needs_review,true,"Template-like structure observed.; Missing trust sections for Zapier/AI.; Product casing and title do not align with standards."
/zapier/basecamp-slack/,needs_review,true,"Content feels somewhat template-swapped.; Missing required sections for Zapier/AI trust.; Product casing inconsistencies noted."
/zapier/airtable-gmail/,needs_review,true,"Template-like language present, which reduces originality.; Missing required trust sections for Zapier/AI, which could impact user confidence."
/zapier/airtable-wordpress/,needs_review,true,"Template-like content in problem and solution sections.; Lack of required Zapier/AI trust sections."
/zapier/kajabi-shopify/,needs_review,true,"Template-like language and structure; Missing required Zapier/AI trust sections; Use of 'Builders' in a context that could imply a suffix or be confused with titles"
/zapier/gmail-slack/,needs_review,true,"H1 title repeats the same structure as other landing pages.; Missing required Zapier/AI trust sections."
/zapier/airtable-webflow/,needs_review,true,"Tampering with standard terms (missing Zapier mentions); Template-like structure observed; Utilization of 'Builders' in titles; Inconsistent product casing in mentions"
/zapier/asana-sheets/,needs_review,true,"Template appearance; Missing required Zapier/AI trust sections"
/zapier/sheets-ontraport/,needs_review,true,"The title/H1 contains 'without Zapier', which may not clearly convey the unique value proposition of GetForked.; The content lacks specific sections about Zapier and AI trust, which are required.; The elements feel somewhat template-swapped and lack a distinct voice or branding."
/zapier/shopify-square/,needs_review,true,"Repeated use of 'Shopify to Square' phrasing may indicate repetition risk.; Missing required trust section for Zapier/AI.; Potentially feels template-swapped in style and structure."
/zapier/airtable-slack/,needs_review,true,"The title and H1 use 'without Zapier,' which may not align with branding requirements.; The content contains repeated phrases and concepts, increasing the risk of redundancy.; Some sections feel like they could be template-swapped due to generic phrasing."
/zapier/sheets-twilio/,needs_review,true,"Uses a title that suggests a 'template-swap' style.; Lacks a clear section on Zapier/AI trust.; Includes 'GetForked' as a brand mention inappropriately in the H1."
/zapier/airtable-forms/,needs_review,true,"The title and H1 should not include 'Without Zapier' as it feels template-swapped.; Missing Zapier/AI trust sections.; Product casing is inconsistent."
/zapier/salesforce-xero/,needs_review,true,"Uses 'Salesforce to Xero Without Zapier' as both title and H1; lacks differentiation.; Missing required Zapier/AI trust sections.; Some sections feel template-swapped, lacking unique phrasing."
/zapier/sheets-mailchimp/,needs_review,true,"Template-swapped feel; Missing required Zapier trust section; Title/H1 does not maintain product casing"
/zapier/airtable-sheets/,needs_review,true,"Content feels somewhat template-swapped.; Missing required sections specifically regarding Zapier/AI trust.; Casing issue with 'GetForked' not being utilized correctly.; Potential over-reliance on H1 and titles centered around 'Airtable to Google Sheets' without unique differentiation."
/zapier/sheets-trello/,needs_review,true,"The title uses 'Without Zapier' which may imply a less professional tone.; Missing a section discussing Zapier/AI trust elements."
/zapier/sheets-xero/,needs_review,true,"Template-swapped feel; Missing required Zapier/AI trust sections"
/zapier/fb-leads-sheets/,needs_review,true,"The title/H1 lacks uniqueness and presents a template-like feel.; The messaging could be further personalized to eliminate repetition risk.; Missing required sections on Zapier/AI trust components."
/zapier/slack-trello/,needs_review,true,"The title and H1 use 'Without Zapier' which feels like a template.; The product casing is inconsistent with 'GetForked' as a title.; Missing a dedicated section for Zapier/AI trust elements."
/zapier/asana-calendar/,needs_review,true,"The content feels somewhat template-swapped.; It uses 'Asana to Google Calendar Without Zapier' for the title, which lacks specificity.; The product casing is inconsistent, with 'GetForked' not properly highlighted as a brand.; It lacks sections establishing trust in Zapier/AI."
/zapier/monday-slack/,needs_review,true,"Template-like structure and phrasing present.; Title and H1 do not have unique branding.; Lacks required sections discussing Zapier and AI trust."
/zapier/calendly-trello/,needs_review,true,"Template-swapped feel; Title/H1 lacks a distinctive product casing; Missing required Zapier/AI trust sections"
/zapier/kajabi-woocommerce/,needs_review,true,"Template-swapped feel due to generic phrasing.; Missing required sections on Zapier/AI trust.; Product casing inconsistency in title and H1."
/zapier/kajabi-sms/,needs_review,true,"Misses required Zapier/AI trust sections.; Uses 'Kajabi to Sms Without Zapier' in title/H1 without differentiating from a template.; Product casing for 'Sms' is incorrect."
/zapier/fb-leads-contacts/,needs_review,true,"Title/H1 uses 'Without Zapier', which may imply a template-swap.; Missing required Zapier/AI trust sections."
/zapier/airtable-calendar/,needs_review,true,"Template-swapped feel; Incorrect product casing in title/H1; Missing required sections for Zapier/AI trust"
/zapier/mailchimp-webflow/,needs_review,true,"The title and H1 contain 'Without Zapier' which is misleading and should be revised.; Missing specific sections to establish AI and Zapier trust.; Content exhibits signs of template swapping."
/zapier/sheets-typeform/,needs_review,true,"Template-swapped feel due to some generic language.; Title/H1 appears to reference Zapier as a core focus.; Missing required trust sections about Zapier/AI."
/zapier/basecamp-salesforce/,needs_review,true,"The title and H1 do not conform to the required product casing.; The page feels too template-like and lacks a unique voice.; Missing trust sections related to Zapier and AI."
/zapier/contacts-shopify/,needs_review,true,"The title/H1 uses 'Without Zapier', which could be seen as a template swap.; Missing required Zapier/AI trust sections."
/zapier/calendar-trello/,needs_review,true,"Uses 'Without Zapier' in title which is a common phrase and may feel template-swapped.; Missing Zapier/AI trust sections.; Lacks product-specific casing in various sections."
/zapier/fb-leads-kajabi/,needs_review,true,"Content appears to follow a template format too closely.; The header includes the term 'Without Zapier' implying a suffix that is not effectively differentiating.; It does not clearly mention trust in Zapier/AI integration sections."
/zapier/fb-leads-shopify/,needs_review,true,"Template feeling: The landing page content feels somewhat generic and lacks distinctiveness specific to GetForked.; Title casing: The main title and SEO title lack proper casing for brand consistency.; Missing Zapier/AI trust sections: Required sections that build trust with users about Zapier and AI are not present."
/ai-automation/business-process-automation-with-ai/,needs_review,true,"Content feels somewhat template-swapped.; Missing required Zapier/AI trust sections."
/ai-automation/,pending,false,""
/ai-automation/ai-automation-agency/,needs_review,true,"Template-swapped feel in language.; Use of 'Agency' in H1 and throughout the content without further branding specificity.; Missing trust sections for Zapier/AI integrations."
/ai-automation/ai-automation-solutions/,needs_review,true,"Feels template-swapped.; Missing required Zapier/AI trust sections."
/ai-automation/ai-sales-automation/,needs_review,true,"The title/h1 is too generic and lacks originality.; Content uses repetitive phrases, particularly in descriptions of AI functions.; Missing Zapier/AI trust sections."
/ai-automation/ai-workflow-automation/,needs_review,true,"Uses a template-like structure in several blocks.; Title/H1 lacks differentiation with 'Builders' being used.; Missing required sections about Zapier/AI trust.; Product casing is inconsistent and unclear."
/ai-automation/ai-automation-tools/,needs_review,true,"Template-like language and structure in multiple sections.; Title/H1 does not align with preferred casing or branding.; Lacks required Zapier/AI trust sections."
/ai-automation/ai-task-automation/,needs_review,true,"Feels template-swapped in sections, especially in descriptions.; Title and H1 lack uniqueness and are too generic.; Lower specificity in detailing unique features of GetForked.; Does not mention required Zapier/AI trust sections."
/ai-automation/ai-automation-software/,needs_review,true,"Template-like language and structure.; Redundant phrases across sections, especially in replacement cards.; Lacks required Zapier/AI trust sections."
/ai-automation/ai-workflow-automation-tools/,needs_review,true,"Content has a template-like feel, lacking sufficient uniqueness.; Title/H1 does not avoid the 'Builders' suffix.; Wrong casing used for product terminology.; Required sections on Zapier and AI trust are missing."
/ai-automation/ai-accounting-automation/,needs_review,true,"Template-like language and structure throughout the content.; Use of 'builders' as a suffix in title/H1.; Incorrect product casing in 'GetForked'.; Missing mandatory sections regarding Zapier/AI trust."
/ai-automation/ai-for-workflow-automation/,needs_review,true,"Template-like language is present, particularly in problem and replacement sections.; H1 uses non-specific wording that feels like a generic template.; There is potential repetition, especially in descriptions of AI functionalities.; The required sections on Zapier or specific AI trust elements are missing."
/ai-automation/ai-compliance-automation/,needs_review,true,"Content feels somewhat templated.; Missing required Zapier/AI trust sections.; Title/H1 does not align with product casing standards."
/ai-automation/ai-contract-automation/,needs_review,true,"Feels somewhat template-swapped.; Repeated use of phrases like 'supports the workflow while keeping staff review...' across multiple sections.; Missing required Zapier/AI trust sections."
/ai-automation/ai-automation-consultant/,needs_review,true,"Title/H1 has generic phrasing, feels template-like.; Product casing is inconsistent; 'AI Automation Consultant' needs attention.; Lacks required sections on Zapier/AI trust.; Repetitive phrasing in replacement cards.; Commercial clarity could be improved for the project's scope."
/ai-automation/ai-and-automation-in-hr/,needs_review,true,"Content feels somewhat template-swapped and generic.; Missing required sections on Zapier/AI trust.; Title and H1 casing inconsistent with conventional standards."
/ai-automation/agentic-ai-automation/,needs_review,true,"The title/H1 should not include 'Business Operations' as a suffix.; The content feels similar to a template, lacking uniqueness.; Required sections regarding Zapier/AI trust are missing."
/ai-automation/ai-process-automation/,needs_review,true,"The title includes 'Business Operations' which feels like a template-swap.; The descriptions for each replacement card are repetitive and lack differentiation.; Missing specific sections on Zapier and AI trust."
/ai-automation/ai-automation-in-insurance/,needs_review,true,"Title and H1 are not specific enough to differentiate from templates.; Repetition in descriptions for different AI features risks redundancy.; Lacks mention of required Zapier/AI trust sections."
/ai-automation/ai-automation-consulting/,needs_review,true,"The H1 title is somewhat generic and does not differentiate from standard templates.; Repeated phrases, particularly regarding staff review and approval, create a risk of redundancy.; The phrase 'approved builders' lacks clarity in the context of the service offering.; Some headings and descriptions may not fully capitalize on specific tools and their unique advantages."
/ai-automation/ai-agent-workflow-automation/,needs_review,true,"The title/H1 does not avoid using 'Builders' as a suffix.; Product casing is inconsistent.; Missing required sections for Zapier and AI trust."
/ai-automation/ai-email-automation/,needs_review,true,"The content feels somewhat template-swapped.; Title/H1 should not include 'Business Operations' but rather be concise and unique.; Fails to explicitly mention Zapier or AI trust sections as required."
/ai-automation/best-ai-sales-automation-tools/,needs_review,true,"Template-swapped content and structure; Inconsistent product casing in titles; Missing Zapier/AI trust sections"
/ai-automation/ai-recruiting-automation/,needs_review,true,"Title includes 'for Business Operations' which feels generic.; Content feels partly template-swapped with repetitive phrasing in descriptions.; Lacks required sections about Zapier/AI trust."
/ai-automation/sales-automation-ai/,needs_review,true,"Template-swapped feel due to generic language.; Repeated phrases across multiple sections, especially regarding staff review and approval handling.; Lack of clear distinction from other offerings in the market."
/ai-automation/task-automation-ai/,needs_review,true,"Content feels somewhat template-swapped.; Title and H1 lack specificity, and there is a risk of being perceived as generic.; Missing required sections for Zapier/AI trust."
/ai-automation/ai-automation-in-healthcare/,needs_review,true,"Title and H1 miss required specificity and clarity.; Strong repetition in fallback rules mentioned in multiple sections.; Missing essential sections regarding Zapier/AI trust."
/ai-automation/ai-document-automation/,needs_review,true,"Template-like structure and phrasing.; Overuse of phrases without sufficient differentiation in card descriptions.; Misses required sections related to Zapier/AI trust.; Uses 'Business Operations' in H1 that aligns with too generic a title."
/ai-automation/best-ai-sales-automation-software/,needs_review,true,"Template-like language and structure; Lacks direct mention of Zapier and AI trust sections; Incorrect product casing with 'Best AI Sales Automation Software'"
/ai-automation/ai-sales-automation-tools/,needs_review,true,"Uses 'AI Sales Automation Tools' as a generic term repeatedly, which risks sounding template-like.; Does not include specific sections for Zapier/AI trust.; The product casing for 'GetForked' is incorrect; it should maintain consistent branding."
/ai-automation/ai-agents-automation/,needs_review,true,"The page feels template-swapped in sections.; Title/H1 is used without ensuring clarity on specific use cases.; The content overlooks required sections related to Zapier/AI trust."
/ai-automation/ai-workflow-automation-tools-for-medical-office/,needs_review,true,"Title and H1 include unnecessary repetition of 'For Medical Office.'; Content feels template-swapped with generic phrasing.; Lacks required sections for Zapier/AI trust.; Improper product casing in titles."
/ai-automation/ai-tools-for-business-automation/,needs_review,true,"Template-swapped feel in the content.; Title/H1 lacks originality related to 'Builders'.; Inconsistent capitalisation of product terms.; Missing required sections for Zapier/AI trust."
/ai-automation/ai-agents-workflow-automation/,needs_review,true,"Content feels somewhat template-swapped.; Missing required Zapier/AI trust sections."
/ai-automation/ai-workflow-automation-platforms/,needs_review,true,"Feels template-swapped.; Missing Zapier/AI trust sections."
/ai-automation/ai-workflow-automation-software/,needs_review,true,"The title and H1 contain 'Software,' which might appear template-like.; The product casing doesn't consistently capitalize 'AI Workflow Automation Software'.; Misses required sections on Zapier/AI trust."
/ai-automation/ai-invoice-automation/,needs_review,true,"Template-swapped feel due to generic phrasing.; Does not include required Zapier/AI trust sections."
/ai-automation/healthcare-ai-automation/,needs_review,true,"Uses 'GetForked' as a title/H1 suffix.; Misses required Zapier/AI trust sections.; Feels somewhat template-swapped."
/ai-automation/ai-for-sales-automation/,needs_review,true,"Template-like structure with repetitive phrases; Uses non-unique descriptions for AI features; Builder matching section lacks distinct value; Missing required Zapier/AI trust sections"
/ai-automation/agentic-ai-workflow-automation/,needs_review,true,"Title uses 'Agentic AI Workflow Automation' which feels generic and not tailored to GetForked.; The content has a template-like feel, particularly in the descriptions and structure.; Lacks clear sections addressing Zapier or AI trust.; Some descriptions are repetitive, especially in the 'replacement_cards' and 'human_in_the_loop'."
/ai-automation/agentic-ai-process-automation/,needs_review,true,"The title includes a name suffix which is not aligned with requirements.; Lacks explicit sections highlighting Zapier/AI trust.; The product casing does not appear to follow the required standards."
/ai-automation/ai-sales-automation-software-recommendations/,needs_review,true,"Content feels template-swapped.; Title/H1 lacks originality.; Potential repetition in descriptions.; Missing required Zapier/AI trust sections."
/ai-automation/ai-tools-for-task-automation/,needs_review,true,"Template feel in content structure and phrasing; Missing required Zapier/AI trust sections; Title and H1 could be more engaging; Repetition in descriptions across replacement cards"
/ai-automation/ai-and-process-automation/,needs_review,true,"Template-like phrasing detected.; Use of 'Builders' in title/H1 suffix.; Missing required sections on Zapier/AI trust."
/ai-automation/ai-for-business-process-automation/,needs_review,true,"Title/H1 contains non-specific phrasing.; Product casing for 'AI For Business Process Automation' is inconsistent.; Lacks required Zapier/AI trust sections."
/ai-automation/ai-ap-automation/,needs_review,true,"The title/H1 uses 'Ap' instead of correct casing as 'AP'.; Content feels template-swapped, lacking unique value.; Missing Zapier/AI trust sections.; Repetitive phrasing in replacement cards.; Insufficient detail on how GetForked scopes the build."
/ai-automation/ai-customer-service-automation/,needs_review,true,"Content lacks clear differentiation from templates.; Missing Zapier/AI trust sections.; Header/title usage is generic.; Lack of specific product casing."
/ai-automation/ai-agents-for-business-automation/,needs_review,true,"Template-swapped language observed in multiple sections.; Title and H1 contain repetitive and generic phrases.; Misses required Zapier/AI trust sections.; Incorrect casing in 'business operations'."
/ai-automation/ai-customer-service-automation-solutions/,needs_review,true,"Template-swapped feel in sections.; Missing required parts related to Zapier and AI trust.; Generic use of 'AI Customer Service Automation Solutions' without unique differentiation."
/ai-automation/best-crm-with-ai-sales-automation/,needs_review,true,"Template-swapped content with generic language.; Uses 'Best Crm With AI Sales Automation' repetitively, risking SEO penalties.; Missing explicit trust sections related to Zapier/AI."
/ai-automation/ai-automation-workflow/,needs_review,true,"Content appears to be template-swapped with repeated phrases and descriptions.; Misses required sections for Zapier/AI trust which should highlight integrations.; Uses 'GetForked' as a title suffix which can confuse branding.; Inconsistent product naming/casing, e.g., 'AI Automation Workflow' vs. 'AI automation workflow'."
/ai-automation/ai-for-process-automation/,needs_review,true,"Template-swapped feel in content; Repetition in descriptions for AI functionalities; Missing Zapier/AI trust sections"
/ai-automation/legal-document-automation-ai/,needs_review,true,"Uses 'Builders' as a title/H1 suffix.; Lacks required Zapier/AI trust sections.; Some product casing issues present."
/ai-automation/ai-finance-automation/,needs_review,true,"Content has a template-like feel, especially in repetitive phrases.; Missing required sections for Zapier/AI trust.; The title doesn't stand out and feels generic.; Product casing is inconsistent."
/ai-automation/ai-agent-automation/,needs_review,true,"Template-like structure observed.; Title/H1 lacks specificity.; Repetitive phrasing in multiple sections.; Missing required Zapier/AI trust sections."
/ai-automation/ai-accounts-payable-automation-software/,needs_review,true,"Content feels template-swapped.; Title/H1 should not include 'Software' at the end.; Inconsistent product casing.; Missing required sections on Zapier/AI trust."
/ai-automation/ai-invoice-processing-automation/,needs_review,true,"The content appears somewhat template-based and lacks unique customization.; Title/H1 suffix should not include 'Automation' or similar terms.; The product casing is not consistently applied (e.g., 'GetForked' should be consistently capitalized).; Required sections on Zapier/AI trust are missing."
/ai-automation/ai-agents-for-automation/,needs_review,true,"Template-swapped feel; Missing required Zapier/AI trust sections; Improper product casing in titles"
/ai-automation/business-process-automation-ai/,needs_review,true,"Content feels somewhat template-swapped.; The title/H1 lacks specificity and doesn't fully address the unique offering.; Missing required sections about Zapier/AI trust."
/ai-automation/ai-in-business-process-automation/,needs_review,true,"The content feels template-swapped, lacking unique phrasing.; Missing required Zapier/AI trust sections.; Product casing for 'AI In Business Process Automation' is inconsistent.; Some titles and content hint at a generic approach."
/ai-automation/bookkeeping-automation-ai/,needs_review,true,"Template-like language observed.; Title and H1 use generic phrasing.; Product casing issues noted.; Sections on trust in Zapier/AI are missing."
/ai-automation/ai-automation-agents/,needs_review,true,"Feels somewhat template-swapped.; Uses 'Builders' as a title/H1 suffix.; Missing required sections related to Zapier/AI trust."
/ai-automation/ai-lead-automation/,needs_review,true,"The title/H1 is generic and lacks distinctiveness.; There is repetition in the content, particularly in descriptions.; Fails to adequately highlight Zapier/AI trust sections."
/ai-automation/ai-driven-workflow-automation/,needs_review,true,"Template feels swapped due to generic phrases.; Lacks Zapier/AI trust sections.; Title uses 'Business Operations' which may imply a template.; Missing specific product casing."
/ai-automation/ai-automation-agent/,needs_review,true,"The title contains 'Agent' which may imply a lack of specificity.; Repeated phrases in 'replacement_cards' sections reduce uniqueness.; Absence of required sections for Zapier/AI trust.; Lack of clear differentiation from template content."
/ai-automation/accounts-payable-automation-ai/,needs_review,true,"Template-swap feel due to repetitive and generic phrasing.; Title/H1 lacks distinction and suffers from template structure.; Does not incorporate necessary Zapier/AI trust sections.; Inconsistent casing in product names."
/ai-automation/ai-workflow-automation-services/,needs_review,true,"Title structure feels template-swapped.; Missing required sections on Zapier/AI trust."
/ai-automation/accounting-automation-ai/,needs_review,true,"Template-like structure and phrasing.; Builder term used in title and H1.; Missing required Zapier/AI trust sections.; Inconsistent product casing."
/ai-automation/ai-document-processing-automation/,needs_review,true,"Template-like structure detected.; Missing required Zapier/AI trust sections.; Generic use of 'automations' and lack of unique value proposition.; Repetitive descriptions in replacement cards."
/ai-automation/ai-automation-platform/,needs_review,true,"Template-like structure observed, particularly in headings and flow descriptions.; Title and H1 contain generic wording and do not specify the tool effectively.; Misses required sections on Zapier/AI trust.; Product casing issues noted in references to 'AI Automation Platform' instead of a distinct product name."
/ai-automation/customer-service-automation-ai/,needs_review,true,"Content feels template-swapped due to repetitive phrases and structure.; H1 title doesn't specify the product effectively.; Lacks sections that build trust in Zapier/AI integrations."
/ai-automation/ai-support-automation/,needs_review,true,"The title contains a generic 'for Businesses' which feels template-swapped.; Repeated phrases in the replacement cards undercut uniqueness.; Builder matching lacks specificity to differentiate GetForked.; Missing required Zapier/AI trust sections."
/ai-automation/ai-customer-support-automation/,needs_review,true,"Feels template-swapped, lacks originality.; Repeated phrases across different sections create redundancy.; Missing required Zapier/AI trust sections."
/ai-automation/ai-powered-workflow-automation/,needs_review,true,"Feels somewhat template-swapped.; Repetition in descriptions of AI capabilities.; Misses emphasis on Zapier/AI trust sections."
/ai-automation/ai-for-data-entry-automation/,needs_review,true,"Template-like language and structure throughout.; Title format incorrect; contains Builders as suffix.; Inconsistencies in product casing.; Missing necessary sections regarding Zapier/AI trust."
/ai-automation/ai-data-entry-automation/,needs_review,true,"Template-like structure in wording and sections.; Use of generic headings that don't provide unique insights.; Missing required sections about Zapier/AI trust."
/ai-automation/ai-tools-for-hr-automation/,needs_review,true,"Template-like language is present.; H1 title includes 'Business Operations', which seems generic.; Missing required sections about Zapier/AI trust."
/ai-automation/ai-document-automation-software/,needs_review,true,"Feels template-swapped; Misses required Zapier/AI trust sections; Uses Builders in H1 without proper differentiation"
/ai-automation/document-automation-ai/,needs_review,true,"Content feels template-swapped.; Uses 'Builders' as a title suffix.; Lacks required Zapier/AI trust sections."
/ai-automation/ai-customer-service-automation-tools/,needs_review,true,"Feels somewhat template-swapped.; Lacks specific details about Zapier and AI trust sections.; Overuse of 'AI Customer Service Automation Tools' in various headings and descriptions leads to repetitive risk."
/ai-automation/ecommerce-ai-automation/,needs_review,true,"The title and H1 contain generic phrases that could be considered template-swapped.; Lack of mention of required Zapier/AI trust sections.; Product casing issues and inconsistent terminology throughout."
/ai-automation/ai-automation-for-healthcare/,needs_review,true,"Title/H1 feels generic and lacks specificity related to GetForked.; Content has a template-like quality, especially in description sections.; Missing required sections regarding trust in Zapier/AI.; Product casing inconsistently applied (e.g., 'GetForked' should be styled consistently)."
/ai-automation/generative-ai-customer-service-automation/,needs_review,true,"The content lacks differentiation from typical templates.; It uses Builders as a suffix, which is not compliant.; The product casing is inconsistent.; Missing required sections for Zapier and AI trust."
/ai-automation/ai-for-email-automation/,needs_review,true,"Missing Zapier/AI trust sections.; Title/H1 is generic.; Content has a template feel, lacking in unique elements."
/ai-automation/ai-automation-for-real-estate/,needs_review,true,"Feels template-swapped; Uses Builders as title/H1 suffix; Misses required Zapier/AI trust sections"
/ai-automation/ai-email-automation-for-customer-support/,needs_review,true,"Template-like language and structure.; Uses 'Builders' in a way that might be too generic.; Misses required Zapier/AI trust sections."
/ai-automation/ai-legal-workflow-automation/,needs_review,true,"Content heavily relies on repetitive phrases, particularly in the 'replacement_cards'.; Title and H1 do not align with proper product casing.; Misses required sections about Zapier/AI trust.; Components feel somewhat template-swapped rather than uniquely crafted."
/ai-automation/ai-tools-for-data-entry-automation/,needs_review,true,"The title/H1 does not have a unique identifier and feels like a template swap.; Missing required sections about Zapier/AI trust.; Repeated phrases in the content, especially in the description of AI tools."
/ai-automation/ai-automation-ticketing-system/,needs_review,true,"Content feels template-swapped, lacking unique phrasing and a personal touch.; Title includes 'System' as a suffix which lowers specificity.; Missing required sections about Zapier/AI trust.; Overuse of similar phrases in replacement cards reduces engagement."
/ai-automation/ai-revenue-automation/,needs_review,true,"Content appears template-swapped with generic phrasing.; Missing Zapier/AI trust sections.; Use of 'Builders' in titles suggested template usage."
/ai-automation/ai-agents-for-workflow-automation/,needs_review,true,"Uses generic title format that feels template-swapped.; Lacks a clear differentiation in product casing.; Missing necessary Zapier/AI trust sections and content."
/ai-automation/ai-email-automation-tools/,needs_review,true,"Template-like wording in several sections.; Lack of proper product casing.; Missing required Zapier and AI trust sections."
/ai-automation/ai-automation-in-manufacturing/,needs_review,true,"Content feels somewhat template-swapped.; The title/H1 structure needs improvement without suffixing with 'Builders'.; Missing emphasis on Zapier/AI trust sections."
/ai-automation/ai-automation-for-logistics-companies/,needs_review,true,"Template-swap feel with generic phrasing and structure.; Misuse of 'builders' as a title/H1 suffix.; Improper product casing, especially in 'AI Automation For Logistics Companies'.; Missing required sections about Zapier and AI trust."
/ai-automation/ai-sales-pipeline-automation/,needs_review,true,"Template-like phrasing and structure in sections.; Uses 'builders' as a reference in header without original context.; Missing explicit mention of Zapier/AI trust sections."
/ai-automation/ai-powered-ap-automation/,needs_review,true,"Title uses variant of common terms without specificity.; Content feels somewhat template-like, lacking unique branding.; Misses required trust section for Zapier/AI.; Product casing is inconsistent (e.g., 'Ap Automation')."
/ai-automation/ai-business-process-automation/,needs_review,true,"Template feels somewhat swapped with common phrases like 'supports the workflow while keeping staff review' being overused.; SEO elements and headings lack enough distinctiveness and brand voice.; Required sections like trust in Zapier/AI are missing."
/ai-automation/ai-helpdesk-automation/,needs_review,true,"The title/H1 contains 'for Business Operations', which feels like a template swap.; Repetition risk in descriptions for AI classification, summarisation, drafting, and dashboards.; Lacks required sections on Zapier and AI trust."
/ai-automation/ai-crm-automation/,needs_review,true,"Template-swapped feel; Incorrect product casing in title and headings; Missing required sections on Zapier and AI trust"
/ai-automation/ai-automation-services/,needs_review,true,"Uses a repetitive structure in replacement_cards, leading to potential lack of engagement.; Lacks a clear differentiation from a template format, making it feel interchangeable with similar content.; Fails to include critical trust sections regarding Zapier and AI assurances."
